,precision,recall,f1-score,support
Abra,0.0,0.0,0.0,7.0
Aerodactyl,0.0,0.0,0.0,7.0
Alakazam,0.5,0.16666666666666666,0.25,6.0
Alolan Sandslash,1.0,0.2222222222222222,0.36363636363636365,9.0
Arbok,0.4375,0.7777777777777778,0.56,9.0
Arcanine,1.0,0.2222222222222222,0.36363636363636365,9.0
Articuno,1.0,0.5555555555555556,0.7142857142857143,9.0
Beedrill,1.0,0.7142857142857143,0.8333333333333334,7.0
Bellsprout,1.0,0.25,0.4,8.0
Blastoise,0.6666666666666666,0.2222222222222222,0.3333333333333333,9.0
Bulbasaur,0.7777777777777778,0.7777777777777778,0.7777777777777778,9.0
Butterfree,1.0,0.3333333333333333,0.5,6.0
Caterpie,0.75,0.375,0.5,8.0
Chansey,1.0,0.6666666666666666,0.8,9.0
Charizard,1.0,0.2857142857142857,0.4444444444444444,7.0
Charmander,0.32142857142857145,0.8181818181818182,0.46153846153846156,11.0
Charmeleon,0.5,0.3,0.375,10.0
Clefable,1.0,0.125,0.2222222222222222,8.0
Clefairy,0.7777777777777778,0.7,0.7368421052631579,10.0
Cloyster,1.0,0.6,0.75,10.0
Cubone,1.0,0.375,0.5454545454545454,8.0
Dewgong,1.0,0.3333333333333333,0.5,9.0
Diglett,0.42857142857142855,0.375,0.4,8.0
Ditto,1.0,1.0,1.0,8.0
Dodrio,1.0,0.5,0.6666666666666666,8.0
Doduo,1.0,0.14285714285714285,0.25,7.0
Dragonair,0.8,0.8888888888888888,0.8421052631578947,9.0
Dragonite,1.0,0.6,0.75,10.0
Dratini,0.0,0.0,0.0,6.0
Drowzee,0.6,0.375,0.46153846153846156,8.0
Dugtrio,0.5333333333333333,0.7272727272727273,0.6153846153846154,11.0
Eevee,1.0,0.125,0.2222222222222222,8.0
Ekans,1.0,0.42857142857142855,0.6,7.0
Electabuzz,0.6666666666666666,0.2222222222222222,0.3333333333333333,9.0
Electrode,0.5625,0.8181818181818182,0.6666666666666666,11.0
Exeggcute,1.0,0.5,0.6666666666666666,10.0
Exeggutor,0.9,0.9,0.9,10.0
Farfetchd,0.6666666666666666,0.6,0.631578947368421,10.0
Fearow,0.375,0.6,0.46153846153846156,10.0
Flareon,0.6,0.3333333333333333,0.42857142857142855,9.0
Gastly,1.0,0.3333333333333333,0.5,9.0
Gengar,0.7142857142857143,0.5,0.5882352941176471,10.0
Geodude,0.0,0.0,0.0,7.0
Gloom,0.7777777777777778,0.7,0.7368421052631579,10.0
Golbat,0.6153846153846154,0.8,0.6956521739130435,10.0
Goldeen,0.8,0.4,0.5333333333333333,10.0
Golduck,0.4,0.4,0.4,10.0
Golem,0.625,0.5,0.5555555555555556,10.0
Graveler,0.6,0.375,0.46153846153846156,8.0
Grimer,0.7142857142857143,0.5555555555555556,0.625,9.0
Growlithe,0.6666666666666666,0.2222222222222222,0.3333333333333333,9.0
Gyarados,0.3333333333333333,0.1,0.15384615384615385,10.0
Haunter,1.0,0.2,0.3333333333333333,10.0
Hitmonchan,0.625,0.5,0.5555555555555556,10.0
Hitmonlee,0.7,0.7,0.7,10.0
Horsea,0.34782608695652173,0.7272727272727273,0.47058823529411764,11.0
Hypno,1.0,0.1,0.18181818181818182,10.0
Ivysaur,0.0,0.0,0.0,8.0
Jigglypuff,0.5625,0.9,0.6923076923076923,10.0
Jolteon,0.75,0.2727272727272727,0.4,11.0
Jynx,0.8571428571428571,0.6,0.7058823529411765,10.0
Kabuto,0.5,0.4,0.4444444444444444,10.0
Kabutops,0.6666666666666666,0.4444444444444444,0.5333333333333333,9.0
Kadabra,0.25,0.4,0.3076923076923077,10.0
Kakuna,0.8888888888888888,0.8,0.8421052631578947,10.0
Kangaskhan,0.5555555555555556,0.45454545454545453,0.5,11.0
Kingler,0.46153846153846156,0.6,0.5217391304347826,10.0
Koffing,0.5454545454545454,0.6,0.5714285714285714,10.0
Krabby,0.6666666666666666,0.6,0.631578947368421,10.0
Lapras,0.5714285714285714,0.7272727272727273,0.64,11.0
Lickitung,0.625,0.5,0.5555555555555556,10.0
Machamp,0.2962962962962963,0.7272727272727273,0.42105263157894735,11.0
Machoke,0.8,0.4444444444444444,0.5714285714285714,9.0
Machop,1.0,0.2222222222222222,0.36363636363636365,9.0
Magikarp,0.6153846153846154,0.8888888888888888,0.7272727272727273,9.0
Magmar,0.75,0.6666666666666666,0.7058823529411765,9.0
Magnemite,0.1875,0.6,0.2857142857142857,10.0
Magneton,0.2222222222222222,0.4444444444444444,0.2962962962962963,9.0
Mankey,0.42857142857142855,0.8181818181818182,0.5625,11.0
Marowak,0.0,0.0,0.0,6.0
Meowth,1.0,0.5,0.6666666666666666,6.0
Metapod,0.9,0.8181818181818182,0.8571428571428571,11.0
Mew,0.4117647058823529,0.6363636363636364,0.5,11.0
Mewtwo,0.3333333333333333,0.8181818181818182,0.47368421052631576,11.0
Moltres,1.0,0.1111111111111111,0.2,9.0
MrMime,0.6,0.6666666666666666,0.631578947368421,9.0
Muk,0.75,0.3333333333333333,0.46153846153846156,9.0
Nidoking,0.5,0.18181818181818182,0.26666666666666666,11.0
Nidoqueen,0.5555555555555556,0.45454545454545453,0.5,11.0
Nidorina,0.0,0.0,0.0,9.0
Nidorino,0.8333333333333334,0.45454545454545453,0.5882352941176471,11.0
Ninetales,0.6,0.3333333333333333,0.42857142857142855,9.0
Oddish,0.9,0.8181818181818182,0.8571428571428571,11.0
Omanyte,0.8,0.4444444444444444,0.5714285714285714,9.0
Omastar,0.6,0.6666666666666666,0.631578947368421,9.0
Onix,0.8571428571428571,0.6666666666666666,0.75,9.0
Paras,0.8333333333333334,0.5,0.625,10.0
Parasect,1.0,0.6666666666666666,0.8,9.0
Persian,1.0,0.625,0.7692307692307693,8.0
Pidgeot,0.5714285714285714,0.4444444444444444,0.5,9.0
Pidgeotto,0.6666666666666666,0.25,0.36363636363636365,8.0
Pidgey,0.2,0.2,0.2,10.0
Pikachu,0.18571428571428572,1.0,0.3132530120481928,13.0
Pinsir,1.0,0.3333333333333333,0.5,9.0
Poliwag,0.45,0.8181818181818182,0.5806451612903226,11.0
Poliwhirl,0.42857142857142855,0.9,0.5806451612903226,10.0
Poliwrath,0.0,0.0,0.0,7.0
Ponyta,0.4444444444444444,0.4444444444444444,0.4444444444444444,9.0
Porygon,0.47619047619047616,1.0,0.6451612903225806,10.0
Primeape,0.5714285714285714,0.7272727272727273,0.64,11.0
Psyduck,1.0,0.5,0.6666666666666666,8.0
Raichu,0.6666666666666666,0.18181818181818182,0.2857142857142857,11.0
Rapidash,0.42857142857142855,0.6,0.5,10.0
Raticate,1.0,0.1111111111111111,0.2,9.0
Rattata,0.5,0.1111111111111111,0.18181818181818182,9.0
Rhydon,0.42857142857142855,0.6,0.5,10.0
Rhyhorn,0.8571428571428571,0.6666666666666666,0.75,9.0
Sandshrew,0.8333333333333334,0.5,0.625,10.0
Sandslash,0.6,0.3333333333333333,0.42857142857142855,9.0
Scyther,0.7272727272727273,0.6666666666666666,0.6956521739130435,12.0
Seadra,0.45454545454545453,0.5,0.47619047619047616,10.0
Seaking,1.0,0.6,0.75,10.0
Seel,0.4166666666666667,0.5,0.45454545454545453,10.0
Shellder,1.0,0.5,0.6666666666666666,10.0
Slowbro,1.0,0.2,0.3333333333333333,10.0
Slowpoke,1.0,0.4444444444444444,0.6153846153846154,9.0
Snorlax,0.5294117647058824,0.75,0.6206896551724138,12.0
Spearow,0.5384615384615384,0.6363636363636364,0.5833333333333334,11.0
Squirtle,0.3055555555555556,1.0,0.46808510638297873,11.0
Starmie,0.4444444444444444,0.8,0.5714285714285714,10.0
Staryu,0.4444444444444444,0.4,0.42105263157894735,10.0
Tangela,0.5263157894736842,0.9090909090909091,0.6666666666666666,11.0
Tauros,0.5263157894736842,0.9090909090909091,0.6666666666666666,11.0
Tentacool,1.0,0.4444444444444444,0.6153846153846154,9.0
Tentacruel,0.625,0.5,0.5555555555555556,10.0
Vaporeon,0.4444444444444444,0.6666666666666666,0.5333333333333333,12.0
Venomoth,1.0,0.9090909090909091,0.9523809523809523,11.0
Venonat,1.0,0.8,0.8888888888888888,10.0
Venusaur,0.4117647058823529,1.0,0.5833333333333334,14.0
Victreebel,0.4166666666666667,0.5,0.45454545454545453,10.0
Vileplume,0.5263157894736842,0.8333333333333334,0.6451612903225806,12.0
Voltorb,0.4230769230769231,1.0,0.5945945945945946,11.0
Vulpix,0.5454545454545454,0.6,0.5714285714285714,10.0
Wartortle,0.0,0.0,0.0,10.0
Weedle,0.9,0.9,0.9,10.0
Weepinbell,0.3,0.3333333333333333,0.3157894736842105,9.0
Weezing,0.875,0.7,0.7777777777777778,10.0
Wigglytuff,0.18518518518518517,0.8333333333333334,0.30303030303030304,12.0
Zapdos,0.625,0.9090909090909091,0.7407407407407407,11.0
Zubat,0.8,0.5,0.6153846153846154,8.0
accuracy,0.5342657342657343,0.5342657342657343,0.5342657342657343,0.5342657342657343
macro avg,0.6450586752395653,0.5122943722943724,0.5130220431179703,1430.0
weighted avg,0.6395082168188978,0.5342657342657343,0.5223938789518514,1430.0
